ref_1,A_1,C_1,G_1,T_1,call_1,ref_2,A_2,C_2,G_2,T_2
G,0.168,0.232,0.028,0.071,C,T,0.122,0.004,0.244,0.037
A,0.099,0.064,0.004,0.285,T,A,0.027,0.086,0.1,0.155
C,0.321,0.148,0.07,0.196,A,C,0.06,0.084,0.152,0.049
G,0.17,0.36,0.146,0.088,C,A,0.165,0.111,0.004,0.335
T,0.129,0.111,0.302,0.056,G,A,0.122,0.184,0.061,0.201
G,0.007,0.396,0.11,0.113,C,A,0.019,0.054,0.002,0.259
C,0.218,0.018,0.167,0.181,A,A,0.162,0.173,0.134,0.267
G,0.124,0.297,0.094,0.081,C,C,0.325,0.026,0.081,0.168
A,0.014,0.174,0.08,0.332,T,A,0.092,0.128,0.123,0.253
C,0.367,0.032,0.029,0.164,A,T,0.027,0.194,0.206,0.143
G,0.043,0.338,0.183,0.137,C,G,0.173,0.21,0.021,0.008
A,0.134,0.167,0.113,0.239,T,A,0.022,0.076,0.191,0.312
T,0.157,0.173,0.241,0.062,G,G,0.075,0.35,0.152,0.186
C,0.259,0.01,0.059,0.061,A,C,0.329,0.043,0.195,0.044
G,0.075,0.272,0.012,0.068,C,T,0.101,0.08,0.264,0.016
C,0.235,0.0,0.013,0.172,A,T,0.022,0.192,0.28,0.142
T,0.042,0.096,0.345,0.181,G,A,0.122,0.01,0.154,0.21
A,0.169,0.11,0.085,0.373,T,T,0.084,0.09,0.273,0.16
C,0.022,0.173,0.131,0.146,C,T,0.196,0.065,0.208,0.096
T,0.199,0.154,0.259,0.075,G,T,0.149,0.168,0.372,0.189
A,0.0,0.0,0.0,0.0,N,T,0.086,0.106,0.203,0.196
T,0.116,0.021,0.335,0.028,G,G,0.174,0.361,0.088,0.02
C,0.388,0.032,0.197,0.135,A,T,0.194,0.184,0.329,0.102
G,0.045,0.301,0.047,0.01,C,G,0.188,0.394,0.167,0.102
A,0.042,0.188,0.184,0.274,T,T,0.173,0.16,0.263,0.072
T,0.199,0.087,0.313,0.005,G,T,0.005,0.11,0.278,0.177
G,0.181,0.355,0.068,0.022,C,T,0.069,0.164,0.269,0.174
A,0.143,0.056,0.111,0.398,T,C,0.352,0.134,0.095,0.019
A,0.092,0.173,0.188,0.333,T,C,0.317,0.012,0.027,0.09
A,0.038,0.063,0.137,0.327,T,G,0.147,0.346,0.004,0.02
T,0.169,0.119,0.258,0.181,G,T,0.18,0.003,0.391,0.035
T,0.157,0.028,0.323,0.155,G,C,0.28,0.141,0.142,0.166
A,0.02,0.002,0.099,0.288,T,T,0.002,0.12,0.34,0.178
G,0.088,0.374,0.168,0.148,C,G,0.086,0.334,0.109,0.161
G,0.101,0.328,0.191,0.18,C,C,0.365,0.031,0.033,0.163
T,0.167,0.014,0.328,0.034,G,G,0.001,0.243,0.062,0.025
C,0.244,0.045,0.064,0.184,A,T,0.196,0.089,0.229,0.002
C,0.315,0.049,0.008,0.152,A,A,0.05,0.199,0.075,0.395
C,0.315,0.161,0.043,0.085,A,T,0.194,0.032,0.324,0.179
G,0.178,0.306,0.141,0.169,C,C,0.227,0.039,0.11,0.174
G,0.057,0.287,0.146,0.061,C,A,0.082,0.091,0.168,0.23
T,0.189,0.119,0.231,0.047,G,A,0.136,0.061,0.011,0.264
C,0.129,0.14,0.042,0.046,C,C,0.342,0.185,0.025,0.007
A,0.082,0.072,0.172,0.376,T,T,0.065,0.096,0.21,0.104
T,0.113,0.139,0.327,0.099,G,A,0.182,0.054,0.012,0.25
G,0.079,0.284,0.079,0.109,C,C,0.251,0.106,0.0,0.053
G,0.063,0.347,0.139,0.06,C,A,0.132,0.006,0.054,0.245
A,0.108,0.122,0.016,0.217,T,A,0.096,0.196,0.143,0.21
G,0.03,0.322,0.174,0.075,C,C,0.224,0.105,0.061,0.01
A,0.187,0.125,0.161,0.399,T,C,0.396,0.176,0.123,0.139
G,0.011,0.325,0.068,0.193,C,G,0.178,0.358,0.005,0.187
A,0.083,0.037,0.06,0.223,T,C,0.147,0.199,0.151,0.196
T,0.021,0.001,0.326,0.002,G,T,0.122,0.127,0.272,0.073
A,0.162,0.143,0.102,0.22,T,G,0.0,0.0,0.0,0.0
C,0.394,0.169,0.15,0.139,A,A,0.19,0.169,0.16,0.203
C,0.158,0.134,0.107,0.063,A,A,0.166,0.178,0.191,0.253
C,0.4,0.001,0.024,0.019,A,G,0.2,0.239,0.065,0.177
A,0.111,0.107,0.056,0.231,T,C,0.208,0.055,0.073,0.032
T,0.082,0.1,0.348,0.122,G,G,0.19,0.252,0.047,0.044
C,0.357,0.029,0.108,0.033,A,G,0.155,0.253,0.194,0.15
T,0.017,0.198,0.312,0.096,G,A,0.091,0.199,0.056,0.206
G,0.184,0.34,0.031,0.076,C,T,0.196,0.094,0.231,0.187
A,0.184,0.04,0.19,0.263,T,A,0.149,0.052,0.1,0.322
G,0.0,0.0,0.0,0.0,N,G,0.14,0.293,0.061,0.092
C,0.341,0.053,0.077,0.167,A,C,0.354,0.111,0.173,0.189
T,0.15,0.119,0.271,0.015,G,G,0.05,0.302,0.028,0.092
C,0.351,0.063,0.176,0.151,A,C,0.4,0.062,0.096,0.082
C,0.255,0.077,0.165,0.175,A,C,0.344,0.167,0.046,0.081
C,0.375,0.013,0.169,0.0,A,T,0.017,0.184,0.292,0.185
A,0.101,0.136,0.163,0.006,G,A,0.056,0.109,0.037,0.313
G,0.189,0.252,0.149,0.188,C,C,0.246,0.028,0.05,0.13
C,0.296,0.058,0.061,0.114,A,T,0.006,0.142,0.325,0.033
C,0.278,0.118,0.108,0.038,A,T,0.007,0.063,0.367,0.113
T,0.181,0.032,0.293,0.131,G,C,0.327,0.026,0.157,0.064
C,0.2,0.078,0.078,0.154,A,C,0.364,0.137,0.073,0.122
A,0.008,0.082,0.104,0.253,T,T,0.16,0.037,0.292,0.027
A,0.038,0.039,0.089,0.345,T,T,0.078,0.129,0.2,0.17
C,0.213,0.092,0.147,0.186,A,A,0.05,0.064,0.057,0.308
A,0.038,0.147,0.116,0.324,T,C,0.31,0.178,0.069,0.041
G,0.085,0.282,0.002,0.125,C,T,0.015,0.107,0.234,0.172
T,0.121,0.022,0.375,0.038,G,T,0.069,0.162,0.256,0.017
T,0.198,0.026,0.262,0.145,G,G,0.178,0.2,0.092,0.077
G,0.06,0.392,0.053,0.041,C,G,0.121,0.263,0.073,0.115
T,0.184,0.072,0.264,0.009,G,A,0.109,0.113,0.133,0.231
G,0.15,0.33,0.005,0.053,C,C,0.227,0.038,0.028,0.106
T,0.183,0.11,0.272,0.0,G,G,0.183,0.338,0.13,0.165
T,0.112,0.08,0.399,0.15,G,G,0.179,0.299,0.176,0.009
T,0.161,0.191,0.312,0.071,G,T,0.104,0.108,0.353,0.074
A,0.166,0.054,0.055,0.385,T,T,0.093,0.005,0.333,0.005
G,0.17,0.215,0.101,0.037,C,G,0.013,0.345,0.087,0.045
G,0.164,0.264,0.192,0.181,C,G,0.05,0.379,0.173,0.043
C,0.335,0.048,0.103,0.181,A,G,0.16,0.387,0.187,0.139
G,0.186,0.348,0.125,0.185,C,C,0.263,0.095,0.1,0.053
T,0.118,0.073,0.397,0.018,G,A,0.182,0.082,0.092,0.31
G,0.153,0.272,0.021,0.059,C,C,0.381,0.118,0.141,0.077
G,0.098,0.373,0.156,0.05,C,A,0.118,0.08,0.156,0.342
A,0.194,0.189,0.088,0.226,T,T,0.12,0.094,0.347,0.117
T,0.154,0.068,0.367,0.113,G,G,0.05,0.231,0.005,0.185
A,0.009,0.109,0.064,0.275,T,C,0.283,0.101,0.045,0.088
C,0.204,0.06,0.061,0.105,A,T,0.093,0.079,0.395,0.127
T,0.111,0.191,0.396,0.147,G,C,0.21,0.192,0.149,0.116
A,0.169,0.19,0.033,0.143,C,G,0.068,0.251,0.027,0.084
G,0.179,0.28,0.039,0.059,C,T,0.015,0.131,0.236,0.182
A,0.082,0.036,0.189,0.388,T,G,0.132,0.324,0.033,0.131
C,0.241,0.105,0.073,0.148,A,C,0.22,0.073,0.166,0.111
A,0.01,0.115,0.037,0.334,T,G,0.103,0.317,0.033,0.102
G,0.108,0.196,0.145,0.101,C,G,0.06,0.259,0.033,0.086
A,0.074,0.015,0.107,0.396,T,G,0.071,0.23,0.059,0.173
G,0.093,0.342,0.031,0.042,C,A,0.158,0.134,0.151,0.228
A,0.124,0.081,0.029,0.241,T,C,0.256,0.127,0.093,0.11
G,0.169,0.275,0.016,0.016,C,C,0.255,0.126,0.152,0.024
C,0.257,0.075,0.182,0.003,A,G,0.092,0.052,0.146,0.125
A,0.025,0.196,0.185,0.301,T,G,0.124,0.328,0.189,0.114
G,0.159,0.331,0.146,0.162,C,C,0.264,0.126,0.029,0.093
C,0.396,0.041,0.028,0.185,A,T,0.09,0.155,0.273,0.051
C,0.366,0.141,0.033,0.074,A,G,0.139,0.159,0.118,0.17
C,0.254,0.14,0.024,0.075,A,C,0.392,0.028,0.092,0.1
C,0.349,0.032,0.063,0.061,A,T,0.116,0.105,0.289,0.067
G,0.19,0.317,0.073,0.167,C,A,0.059,0.088,0.02,0.339
G,0.141,0.203,0.15,0.058,C,C,0.22,0.068,0.007,0.091
T,0.028,0.041,0.374,0.054,G,A,0.115,0.132,0.008,0.323
G,0.124,0.266,0.133,0.147,C,T,0.2,0.07,0.366,0.064
A,0.086,0.068,0.058,0.36,T,T,0.011,0.08,0.316,0.027
A,0.192,0.107,0.032,0.342,T,T,0.163,0.101,0.202,0.1
A,0.017,0.024,0.105,0.246,T,A,0.017,0.187,0.09,0.253
A,0.082,0.195,0.172,0.202,T,T,0.124,0.096,0.232,0.097
T,0.167,0.022,0.283,0.127,G,A,0.071,0.118,0.109,0.346
T,0.128,0.186,0.243,0.035,G,T,0.041,0.141,0.207,0.138
A,0.136,0.142,0.086,0.215,T,T,0.193,0.075,0.329,0.111
A,0.001,0.113,0.026,0.241,T,T,0.142,0.138,0.397,0.073
G,0.158,0.348,0.195,0.147,C,A,0.027,0.18,0.188,0.205
C,0.277,0.07,0.121,0.155,A,T,0.104,0.051,0.36,0.136
G,0.091,0.363,0.021,0.155,C,A,0.0,0.0,0.0,0.0
T,0.041,0.071,0.368,0.18,G,C,0.199,0.011,0.02,0.195
A,0.154,0.106,0.043,0.361,T,G,0.131,0.359,0.04,0.081
T,0.061,0.086,0.325,0.145,G,C,0.307,0.074,0.138,0.03
T,0.054,0.02,0.391,0.175,G,T,0.169,0.13,0.238,0.171
T,0.028,0.019,0.328,0.146,G,G,0.161,0.305,0.113,0.05
T,0.02,0.119,0.293,0.17,G,G,0.001,0.336,0.125,0.09
A,0.144,0.088,0.168,0.326,T,A,0.154,0.168,0.121,0.331
G,0.054,0.374,0.14,0.029,C,A,0.043,0.023,0.15,0.383
C,0.228,0.111,0.122,0.023,A,G,0.119,0.293,0.156,0.164
T,0.123,0.157,0.283,0.09,G,C,0.381,0.161,0.161,0.053
A,0.002,0.04,0.09,0.371,T,C,0.287,0.101,0.07,0.039
A,0.131,0.048,0.155,0.324,T,T,0.019,0.132,0.249,0.196
A,0.136,0.067,0.06,0.367,T,T,0.123,0.156,0.285,0.037
A,0.077,0.155,0.099,0.29,T,A,0.182,0.009,0.194,0.299
C,0.305,0.159,0.131,0.047,A,A,0.132,0.081,0.138,0.32
C,0.349,0.057,0.091,0.07,A,C,0.37,0.178,0.116,0.075
T,0.111,0.005,0.348,0.153,G,G,0.005,0.283,0.088,0.191
A,0.063,0.001,0.049,0.398,T,T,0.159,0.175,0.283,0.121
G,0.152,0.251,0.139,0.094,C,A,0.061,0.063,0.074,0.306
C,0.326,0.125,0.194,0.011,A,T,0.087,0.055,0.223,0.019
C,0.361,0.081,0.004,0.197,A,T,0.146,0.128,0.241,0.154
T,0.033,0.111,0.301,0.183,G,T,0.127,0.114,0.395,0.122
A,0.0,0.0,0.0,0.0,N,T,0.116,0.127,0.221,0.156
G,0.194,0.399,0.129,0.179,C,A,0.084,0.105,0.04,0.299
A,0.013,0.076,0.017,0.25,T,C,0.0,0.0,0.0,0.0
C,0.325,0.116,0.179,0.134,A,A,0.03,0.06,0.096,0.365
T,0.034,0.113,0.238,0.152,G,T,0.052,0.038,0.278,0.063
A,0.076,0.114,0.137,0.231,T,C,0.251,0.027,0.132,0.143
T,0.087,0.045,0.212,0.181,G,A,0.143,0.177,0.037,0.296
A,0.161,0.057,0.013,0.39,T,G,0.041,0.287,0.135,0.181
G,0.086,0.216,0.084,0.196,C,G,0.063,0.208,0.062,0.154
A,0.026,0.182,0.054,0.324,T,T,0.002,0.023,0.257,0.05
G,0.116,0.378,0.116,0.133,C,G,0.109,0.283,0.18,0.141
A,0.015,0.2,0.03,0.396,T,G,0.017,0.35,0.16,0.107
T,0.199,0.148,0.21,0.108,G,G,0.088,0.37,0.2,0.137
A,0.128,0.163,0.065,0.371,T,C,0.224,0.077,0.154,0.158
T,0.096,0.068,0.216,0.127,G,G,0.175,0.309,0.137,0.135
A,0.07,0.185,0.025,0.355,T,G,0.056,0.348,0.058,0.176
T,0.106,0.021,0.34,0.072,G,A,0.114,0.082,0.164,0.363
A,0.199,0.182,0.068,0.316,T,G,0.123,0.286,0.12,0.039
A,0.037,0.173,0.132,0.339,T,G,0.0,0.0,0.0,0.0
C,0.263,0.145,0.073,0.01,A,A,0.099,0.198,0.01,0.33
C,0.203,0.007,0.1,0.197,A,A,0.186,0.059,0.033,0.229
G,0.191,0.272,0.168,0.009,C,T,0.075,0.04,0.348,0.146
C,0.365,0.196,0.084,0.055,A,G,0.188,0.284,0.059,0.056
T,0.045,0.023,0.344,0.16,G,G,0.129,0.234,0.062,0.026
C,0.315,0.033,0.164,0.128,A,C,0.362,0.107,0.083,0.121
T,0.051,0.012,0.278,0.102,G,T,0.157,0.081,0.353,0.068
C,0.287,0.107,0.098,0.184,A,G,0.124,0.237,0.025,0.065
A,0.193,0.013,0.193,0.272,T,G,0.153,0.355,0.005,0.182
T,0.068,0.109,0.375,0.029,G,T,0.081,0.033,0.277,0.071
C,0.297,0.148,0.107,0.051,A,C,0.355,0.024,0.171,0.142
A,0.062,0.144,0.051,0.379,T,G,0.051,0.312,0.027,0.085
C,0.277,0.076,0.129,0.118,A,T,0.088,0.121,0.271,0.069
A,0.102,0.066,0.075,0.007,A,A,0.167,0.107,0.055,0.319
T,0.027,0.095,0.353,0.087,G,G,0.191,0.265,0.067,0.021
T,0.181,0.147,0.243,0.098,G,A,0.026,0.121,0.044,0.242
G,0.133,0.202,0.054,0.035,C,G,0.175,0.282,0.095,0.043
A,0.15,0.112,0.163,0.178,T,T,0.18,0.039,0.373,0.088
G,0.169,0.212,0.038,0.017,C,T,0.184,0.121,0.399,0.139
T,0.049,0.151,0.38,0.036,G,T,0.0,0.0,0.0,0.0
G,0.133,0.336,0.149,0.165,C,A,0.071,0.147,0.189,0.358
A,0.034,0.185,0.121,0.258,T,G,0.185,0.339,0.087,0.103
C,0.112,0.009,0.042,0.031,A,T,0.174,0.194,0.326,0.062
T,0.004,0.023,0.303,0.188,G,G,0.194,0.217,0.016,0.085
C,0.372,0.196,0.031,0.165,A,C,0.284,0.173,0.189,0.064
A,0.059,0.179,0.076,0.374,T,G,0.158,0.257,0.114,0.083
A,0.0,0.0,0.0,0.0,N,A,0.0,0.0,0.0,0.0
A,0.026,0.166,0.033,0.346,T,T,0.141,0.09,0.324,0.015
C,0.389,0.01,0.113,0.144,A,C,0.391,0.181,0.123,0.008
A,0.029,0.178,0.103,0.334,T,A,0.094,0.103,0.146,0.294
T,0.148,0.015,0.223,0.16,G,A,0.17,0.176,0.175,0.284
T,0.157,0.064,0.337,0.094,G,G,0.044,0.359,0.19,0.085
T,0.036,0.197,0.357,0.149,G,C,0.396,0.01,0.163,0.021
T,0.182,0.189,0.376,0.102,G,T,0.04,0.151,0.227,0.037
A,0.048,0.047,0.068,0.306,T,C,0.382,0.094,0.062,0.037
G,0.128,0.281,0.193,0.031,C,G,0.005,0.384,0.002,0.054
G,0.003,0.359,0.155,0.199,C,C,0.255,0.021,0.04,0.137
G,0.183,0.206,0.011,0.043,C,T,0.192,0.008,0.229,0.03
T,0.097,0.112,0.2,0.111,G,T,0.016,0.151,0.313,0.064
T,0.117,0.113,0.2,0.003,G,T,0.137,0.122,0.209,0.107
T,0.082,0.07,0.298,0.027,G,G,0.107,0.345,0.187,0.081
T,0.012,0.069,0.383,0.09,G,T,0.184,0.178,0.251,0.077
G,0.097,0.258,0.187,0.154,C,T,0.099,0.019,0.279,0.011
T,0.027,0.0,0.263,0.049,G,G,0.08,0.374,0.106,0.127
C,0.223,0.16,0.109,0.048,A,A,0.194,0.094,0.027,0.324
G,0.124,0.216,0.018,0.045,C,A,0.053,0.082,0.105,0.297
G,0.104,0.362,0.109,0.195,C,C,0.171,0.011,0.182,0.147
G,0.05,0.264,0.119,0.142,C,C,0.316,0.027,0.072,0.13
T,0.053,0.036,0.301,0.188,G,G,0.099,0.253,0.168,0.027
T,0.09,0.175,0.296,0.109,G,G,0.092,0.213,0.142,0.051
C,0.203,0.087,0.166,0.18,A,G,0.151,0.33,0.141,0.023
T,0.171,0.084,0.373,0.126,G,T,0.169,0.001,0.379,0.106
G,0.033,0.262,0.07,0.05,C,T,0.046,0.189,0.32,0.126
A,0.163,0.043,0.162,0.345,T,C,0.27,0.013,0.195,0.111
C,0.39,0.148,0.135,0.054,A,T,0.12,0.143,0.345,0.179
G,0.0,0.346,0.04,0.134,C,A,0.189,0.112,0.15,0.233
T,0.074,0.01,0.341,0.061,G,A,0.155,0.186,0.15,0.387
G,0.009,0.327,0.157,0.145,C,T,0.052,0.149,0.337,0.199
C,0.203,0.016,0.191,0.065,A,A,0.004,0.111,0.094,0.311
A,0.166,0.12,0.014,0.279,T,C,0.347,0.09,0.029,0.057
G,0.148,0.278,0.183,0.061,C,C,0.316,0.185,0.179,0.121
G,0.149,0.301,0.131,0.058,C,C,0.243,0.043,0.015,0.116
A,0.072,0.034,0.193,0.354,T,A,0.162,0.107,0.194,0.359
T,0.122,0.042,0.234,0.139,G,T,0.068,0.097,0.341,0.092
A,0.09,0.046,0.074,0.337,T,A,0.067,0.169,0.135,0.266
G,0.098,0.263,0.018,0.087,C,A,0.149,0.172,0.118,0.303
T,0.18,0.004,0.254,0.07,G,T,0.193,0.112,0.329,0.125
A,0.12,0.127,0.001,0.333,T,G,0.026,0.372,0.063,0.062
T,0.096,0.042,0.288,0.113,G,A,0.131,0.009,0.074,0.257
C,0.359,0.126,0.072,0.181,A,T,0.138,0.007,0.229,0.06
G,0.015,0.358,0.179,0.191,C,A,0.164,0.135,0.138,0.291
G,0.134,0.366,0.035,0.085,C,T,0.178,0.166,0.27,0.041
A,0.153,0.039,0.193,0.34,T,T,0.075,0.157,0.309,0.133
C,0.262,0.147,0.075,0.137,A,A,0.195,0.05,0.009,0.261
A,0.163,0.094,0.194,0.336,T,T,0.153,0.173,0.224,0.034
T,0.107,0.185,0.303,0.119,G,G,0.099,0.229,0.168,0.123
G,0.108,0.261,0.113,0.025,C,C,0.318,0.071,0.184,0.199
A,0.129,0.017,0.177,0.201,T,A,0.0,0.0,0.0,0.0
A,0.063,0.048,0.073,0.268,T,G,0.065,0.275,0.016,0.146
A,0.011,0.177,0.188,0.248,T,C,0.0,0.0,0.0,0.0
T,0.166,0.116,0.382,0.165,G,C,0.329,0.015,0.105,0.135
C,0.39,0.015,0.112,0.166,A,C,0.397,0.093,0.087,0.08
C,0.337,0.008,0.071,0.099,A,T,0.066,0.013,0.222,0.136
T,0.153,0.062,0.262,0.109,G,T,0.134,0.008,0.277,0.035
G,0.061,0.264,0.071,0.101,C,A,0.187,0.078,0.027,0.249
G,0.084,0.149,0.017,0.178,T,A,0.093,0.107,0.08,0.281
A,0.067,0.184,0.125,0.377,T,C,0.307,0.172,0.167,0.191
G,0.133,0.392,0.011,0.171,C,C,0.394,0.037,0.143,0.101
C,0.186,0.075,0.13,0.172,A,T,0.163,0.026,0.327,0.011
C,0.074,0.012,0.041,0.119,T,T,0.117,0.161,0.302,0.148
T,0.121,0.13,0.318,0.168,G,C,0.391,0.099,0.176,0.025
C,0.325,0.182,0.034,0.129,A,T,0.003,0.044,0.22,0.111
C,0.246,0.009,0.02,0.087,A,T,0.079,0.126,0.262,0.015
A,0.069,0.148,0.047,0.292,T,C,0.255,0.145,0.051,0.121
G,0.127,0.319,0.112,0.099,C,A,0.196,0.103,0.001,0.237
A,0.195,0.105,0.11,0.349,T,A,0.134,0.032,0.021,0.353
C,0.374,0.015,0.069,0.153,A,A,0.02,0.151,0.006,0.21
T,0.152,0.023,0.287,0.076,G,T,0.103,0.118,0.21,0.191
G,0.123,0.241,0.022,0.019,C,C,0.25,0.013,0.029,0.04
T,0.146,0.05,0.139,0.09,A,C,0.392,0.141,0.166,0.129
C,0.28,0.156,0.133,0.042,A,G,0.147,0.302,0.119,0.121
T,0.052,0.193,0.392,0.04,G,C,0.376,0.071,0.189,0.074
G,0.057,0.254,0.022,0.055,C,G,0.113,0.367,0.12,0.103
T,0.195,0.154,0.324,0.033,G,G,0.101,0.292,0.081,0.01
T,0.15,0.124,0.253,0.065,G,G,0.114,0.298,0.077,0.004
T,0.083,0.186,0.255,0.057,G,A,0.03,0.199,0.039,0.347
T,0.098,0.091,0.287,0.065,G,G,0.03,0.267,0.163,0.123
G,0.0,0.0,0.0,0.0,N,G,0.042,0.338,0.082,0.146
G,0.172,0.387,0.071,0.117,C,T,0.011,0.005,0.375,0.118
A,0.144,0.115,0.036,0.205,T,C,0.319,0.099,0.068,0.129
G,0.074,0.208,0.06,0.09,C,G,0.009,0.277,0.037,0.054
T,0.027,0.164,0.345,0.092,G,C,0.007,0.139,0.152,0.082
C,0.217,0.128,0.092,0.137,A,A,0.147,0.164,0.098,0.209
C,0.252,0.173,0.163,0.155,A,T,0.057,0.059,0.342,0.109
T,0.043,0.101,0.354,0.189,G,A,0.061,0.038,0.098,0.307
G,0.082,0.24,0.051,0.095,C,T,0.012,0.185,0.31,0.072
C,0.247,0.116,0.019,0.063,A,T,0.065,0.185,0.256,0.009
C,0.237,0.196,0.086,0.072,A,G,0.053,0.28,0.009,0.056
T,0.193,0.107,0.262,0.1,G,G,0.035,0.369,0.195,0.195
A,0.017,0.177,0.058,0.397,T,C,0.362,0.18,0.063,0.151
A,0.188,0.15,0.19,0.376,T,A,0.0,0.0,0.0,0.0
C,0.367,0.09,0.114,0.159,A,T,0.0,0.0,0.0,0.0
G,0.012,0.393,0.138,0.018,C,A,0.174,0.14,0.149,0.17
A,0.06,0.025,0.094,0.363,T,G,0.091,0.291,0.013,0.141
T,0.1,0.058,0.336,0.08,G,C,0.212,0.063,0.113,0.072
A,0.101,0.038,0.113,0.396,T,C,0.354,0.067,0.082,0.147
T,0.036,0.002,0.313,0.001,G,G,0.083,0.396,0.199,0.186
C,0.287,0.17,0.074,0.164,A,C,0.299,0.044,0.101,0.143
A,0.011,0.102,0.018,0.374,T,C,0.318,0.043,0.195,0.194
G,0.146,0.297,0.057,0.017,C,T,0.084,0.168,0.227,0.148
G,0.102,0.281,0.103,0.051,C,A,0.051,0.126,0.093,0.373
A,0.104,0.027,0.041,0.222,T,T,0.144,0.07,0.34,0.098
C,0.344,0.08,0.037,0.01,A,A,0.174,0.105,0.155,0.391
C,0.363,0.084,0.186,0.086,A,C,0.367,0.111,0.142,0.19
T,0.116,0.089,0.236,0.093,G,C,0.263,0.133,0.023,0.106
G,0.165,0.26,0.187,0.167,C,T,0.12,0.067,0.258,0.172
A,0.052,0.101,0.084,0.229,T,A,0.159,0.112,0.02,0.266
A,0.081,0.1,0.146,0.379,T,T,0.026,0.083,0.218,0.098
G,0.102,0.36,0.102,0.032,C,G,0.195,0.262,0.071,0.128
G,0.147,0.209,0.2,0.06,C,C,0.322,0.048,0.095,0.102
C,0.253,0.17,0.042,0.098,A,C,0.332,0.026,0.193,0.032
C,0.378,0.144,0.166,0.135,A,C,0.281,0.098,0.055,0.021
T,0.183,0.134,0.383,0.126,G,A,0.122,0.036,0.141,0.312
G,0.056,0.4,0.048,0.094,C,T,0.075,0.108,0.369,0.128
T,0.139,0.149,0.225,0.139,G,G,0.111,0.322,0.166,0.031
G,0.087,0.226,0.085,0.074,C,T,0.141,0.105,0.272,0.061
G,0.033,0.204,0.128,0.138,C,C,0.368,0.036,0.14,0.018
C,0.304,0.059,0.052,0.092,A,G,0.137,0.29,0.102,0.074
C,0.337,0.025,0.078,0.071,A,G,0.072,0.205,0.146,0.135
A,0.052,0.13,0.108,0.215,T,T,0.193,0.092,0.336,0.19
A,0.041,0.045,0.05,0.323,T,T,0.133,0.049,0.204,0.168
T,0.021,0.175,0.278,0.015,G,C,0.241,0.021,0.06,0.077
A,0.115,0.169,0.127,0.329,T,T,0.129,0.001,0.244,0.189
A,0.0,0.0,0.0,0.0,N,A,0.149,0.011,0.061,0.305
T,0.069,0.007,0.241,0.067,G,G,0.185,0.29,0.043,0.183
A,0.056,0.065,0.009,0.026,C,T,0.114,0.161,0.048,0.143
T,0.123,0.149,0.312,0.099,G,A,0.19,0.141,0.143,0.29
G,0.13,0.255,0.061,0.091,C,T,0.199,0.015,0.288,0.05
A,0.041,0.027,0.044,0.385,T,A,0.086,0.131,0.031,0.261
G,0.122,0.251,0.148,0.07,C,A,0.026,0.059,0.155,0.345
C,0.37,0.104,0.02,0.118,A,C,0.279,0.085,0.075,0.167
A,0.055,0.043,0.186,0.387,T,T,0.156,0.137,0.322,0.057
G,0.077,0.38,0.18,0.121,C,C,0.387,0.186,0.144,0.021
A,0.012,0.168,0.125,0.345,T,G,0.143,0.354,0.184,0.061
C,0.336,0.143,0.077,0.156,A,G,0.142,0.399,0.097,0.161
A,0.119,0.185,0.176,0.299,T,G,0.03,0.249,0.171,0.101
G,0.039,0.342,0.167,0.09,C,A,0.067,0.014,0.137,0.208
T,0.163,0.163,0.259,0.023,G,G,0.05,0.249,0.023,0.084
G,0.087,0.309,0.147,0.01,C,C,0.367,0.058,0.16,0.164
T,0.095,0.157,0.281,0.001,G,G,0.029,0.307,0.172,0.19
G,0.165,0.335,0.131,0.121,C,A,0.0,0.0,0.0,0.0
G,0.123,0.326,0.084,0.109,C,A,0.107,0.088,0.151,0.323
C,0.233,0.157,0.137,0.13,A,A,0.0,0.0,0.0,0.0
T,0.14,0.025,0.314,0.098,G,A,0.047,0.038,0.158,0.204
C,0.26,0.032,0.081,0.048,A,C,0.217,0.065,0.131,0.121
G,0.115,0.244,0.052,0.02,C,C,0.294,0.057,0.064,0.064
A,0.007,0.03,0.188,0.338,T,A,0.035,0.033,0.109,0.4
G,0.072,0.377,0.026,0.164,C,T,0.004,0.074,0.236,0.159
A,0.098,0.199,0.049,0.337,T,C,0.274,0.042,0.017,0.011
A,0.124,0.039,0.05,0.093,A,C,0.35,0.092,0.113,0.178
T,0.003,0.031,0.384,0.187,G,C,0.359,0.15,0.009,0.165
G,0.156,0.303,0.194,0.096,C,C,0.211,0.113,0.176,0.186
A,0.044,0.024,0.061,0.224,T,A,0.048,0.068,0.144,0.289
T,0.037,0.037,0.256,0.058,G,G,0.08,0.273,0.176,0.019
C,0.395,0.153,0.133,0.112,A,T,0.08,0.035,0.342,0.012
C,0.391,0.062,0.062,0.035,A,A,0.042,0.174,0.021,0.278
C,0.31,0.061,0.067,0.047,A,T,0.144,0.091,0.03,0.169
A,0.027,0.056,0.142,0.258,T,C,0.22,0.144,0.114,0.089
T,0.152,0.131,0.36,0.192,G,G,0.115,0.29,0.122,0.149
A,0.196,0.18,0.04,0.242,T,A,0.17,0.035,0.124,0.253
A,0.171,0.032,0.195,0.242,T,T,0.02,0.074,0.27,0.057
A,0.001,0.172,0.139,0.319,T,T,0.062,0.078,0.363,0.024
T,0.109,0.105,0.365,0.089,G,G,0.105,0.219,0.041,0.09
G,0.118,0.362,0.052,0.101,C,T,0.165,0.134,0.215,0.034
C,0.332,0.086,0.067,0.0,A,A,0.093,0.107,0.134,0.313
G,0.091,0.216,0.091,0.096,C,C,0.374,0.081,0.027,0.086
C,0.298,0.032,0.01,0.186,A,T,0.066,0.002,0.21,0.162
C,0.381,0.009,0.113,0.046,A,T,0.0,0.0,0.0,0.0
C,0.387,0.059,0.144,0.02,A,T,0.022,0.149,0.23,0.097
G,0.12,0.232,0.021,0.026,C,C,0.251,0.072,0.049,0.019
G,0.029,0.394,0.004,0.16,C,C,0.124,0.021,0.005,0.188
G,0.186,0.239,0.193,0.126,C,A,0.198,0.166,0.188,0.214
G,0.125,0.25,0.16,0.105,C,T,0.014,0.126,0.273,0.108
G,0.144,0.237,0.145,0.02,C,C,0.361,0.067,0.06,0.044
G,0.082,0.366,0.161,0.154,C,G,0.019,0.219,0.027,0.167
T,0.051,0.048,0.38,0.073,G,G,0.073,0.307,0.017,0.152
C,0.339,0.011,0.076,0.106,A,A,0.066,0.035,0.052,0.288
T,0.111,0.088,0.354,0.095,G,A,0.152,0.009,0.069,0.252
G,0.151,0.252,0.187,0.133,C,A,0.168,0.198,0.16,0.328
A,0.175,0.105,0.008,0.4,T,C,0.318,0.111,0.112,0.106
C,0.37,0.186,0.079,0.07,A,A,0.103,0.062,0.179,0.233
G,0.045,0.27,0.107,0.182,C,A,0.04,0.151,0.069,0.273
T,0.148,0.082,0.277,0.055,G,G,0.182,0.231,0.082,0.164
G,0.12,0.312,0.02,0.187,C,G,0.173,0.343,0.194,0.132
T,0.167,0.145,0.279,0.156,G,A,0.164,0.135,0.132,0.29
T,0.061,0.018,0.362,0.145,G,T,0.163,0.182,0.352,0.006
T,0.081,0.002,0.274,0.159,G,G,0.13,0.369,0.145,0.109
A,0.06,0.185,0.032,0.326,T,C,0.241,0.037,0.155,0.101
C,0.331,0.198,0.06,0.144,A,A,0.008,0.161,0.168,0.303
C,0.267,0.158,0.003,0.179,A,A,0.086,0.021,0.105,0.262
C,0.34,0.011,0.021,0.067,A,A,0.08,0.145,0.06,0.261
C,0.283,0.028,0.101,0.181,A,T,0.097,0.018,0.313,0.16
A,0.09,0.077,0.133,0.226,T,C,0.217,0.118,0.119,0.137
T,0.189,0.128,0.257,0.179,G,A,0.109,0.147,0.082,0.341
C,0.298,0.004,0.184,0.022,A,G,0.095,0.315,0.128,0.185
T,0.111,0.005,0.295,0.053,G,A,0.134,0.057,0.011,0.227
G,0.141,0.372,0.188,0.186,C,A,0.136,0.027,0.192,0.37
C,0.243,0.015,0.028,0.046,A,T,0.193,0.011,0.255,0.072
C,0.177,0.048,0.194,0.063,G,T,0.015,0.114,0.318,0.009
A,0.14,0.105,0.13,0.041,A,G,0.154,0.388,0.132,0.145
G,0.0,0.0,0.0,0.0,N,C,0.295,0.165,0.162,0.024
T,0.0,0.0,0.0,0.0,N,A,0.017,0.137,0.124,0.025
G,0.142,0.202,0.003,0.134,C,C,0.25,0.033,0.193,0.195
A,0.024,0.157,0.133,0.239,T,T,0.136,0.102,0.255,0.143
T,0.049,0.072,0.337,0.147,G,T,0.192,0.151,0.223,0.021
A,0.164,0.003,0.046,0.321,T,C,0.355,0.009,0.007,0.049
G,0.087,0.348,0.161,0.035,C,G,0.047,0.265,0.134,0.161
A,0.158,0.093,0.089,0.274,T,T,0.152,0.016,0.238,0.015
G,0.024,0.345,0.055,0.138,C,T,0.077,0.111,0.331,0.122
C,0.334,0.096,0.192,0.072,A,A,0.04,0.097,0.124,0.299
T,0.022,0.008,0.228,0.095,G,C,0.333,0.09,0.001,0.192
C,0.367,0.191,0.097,0.169,A,G,0.127,0.263,0.111,0.01
T,0.109,0.163,0.356,0.035,G,T,0.191,0.03,0.248,0.024
C,0.289,0.173,0.014,0.066,A,A,0.024,0.078,0.144,0.009
G,0.069,0.259,0.174,0.047,C,A,0.077,0.144,0.065,0.226
C,0.341,0.16,0.131,0.055,A,C,0.274,0.028,0.057,0.124
A,0.11,0.031,0.16,0.396,T,G,0.035,0.382,0.035,0.155
A,0.113,0.136,0.166,0.371,T,T,0.021,0.129,0.298,0.17
G,0.09,0.348,0.081,0.139,C,C,0.253,0.118,0.082,0.014
G,0.193,0.242,0.036,0.02,C,T,0.16,0.087,0.304,0.09
C,0.243,0.17,0.103,0.179,A,T,0.035,0.073,0.239,0.149
T,0.166,0.107,0.282,0.024,G,G,0.09,0.232,0.142,0.144
A,0.132,0.181,0.077,0.065,C,A,0.074,0.086,0.073,0.385
A,0.177,0.189,0.031,0.202,T,A,0.18,0.185,0.0,0.34
T,0.136,0.042,0.397,0.089,G,G,0.117,0.227,0.09,0.182
A,0.175,0.169,0.192,0.314,T,C,0.225,0.171,0.131,0.023
C,0.338,0.123,0.102,0.157,A,C,0.312,0.02,0.101,0.17
C,0.213,0.186,0.103,0.158,A,C,0.381,0.02,0.063,0.111
C,0.225,0.122,0.086,0.14,A,G,0.182,0.393,0.082,0.104
T,0.128,0.18,0.313,0.112,G,G,0.189,0.322,0.075,0.059
C,0.264,0.177,0.008,0.037,A,A,0.062,0.151,0.096,0.256
A,0.037,0.101,0.105,0.283,T,C,0.395,0.1,0.047,0.051
C,0.203,0.021,0.028,0.176,A,G,0.041,0.236,0.0,0.072
A,0.195,0.096,0.047,0.272,T,G,0.153,0.253,0.109,0.051
T,0.06,0.034,0.225,0.143,G,A,0.022,0.149,0.107,0.245
A,0.016,0.118,0.116,0.278,T,G,0.149,0.377,0.013,0.083
C,0.399,0.012,0.083,0.026,A,T,0.046,0.092,0.389,0.005
C,0.272,0.174,0.091,0.131,A,C,0.33,0.159,0.034,0.061
T,0.091,0.16,0.175,0.035,G,C,0.364,0.039,0.101,0.177
G,0.002,0.251,0.157,0.075,C,C,0.331,0.147,0.027,0.08
T,0.002,0.114,0.289,0.047,G,C,0.344,0.088,0.125,0.152
A,0.153,0.199,0.082,0.24,T,T,0.009,0.087,0.295,0.114
C,0.399,0.015,0.001,0.108,A,C,0.338,0.078,0.025,0.068
T,0.066,0.112,0.33,0.181,G,A,0.059,0.163,0.079,0.345
A,0.15,0.02,0.017,0.204,T,G,0.15,0.361,0.112,0.014
T,0.047,0.169,0.222,0.014,G,C,0.12,0.107,0.119,0.194
A,0.005,0.053,0.15,0.321,T,T,0.17,0.155,0.215,0.159
G,0.001,0.296,0.141,0.013,C,G,0.181,0.338,0.133,0.146
G,0.111,0.269,0.121,0.032,C,G,0.033,0.26,0.199,0.146
G,0.105,0.302,0.077,0.041,C,C,0.37,0.018,0.028,0.12
T,0.19,0.013,0.235,0.061,G,A,0.2,0.092,0.011,0.385
A,0.024,0.035,0.005,0.395,T,A,0.147,0.196,0.186,0.251
C,0.349,0.155,0.172,0.085,A,T,0.142,0.151,0.236,0.137
G,0.043,0.201,0.161,0.028,C,G,0.016,0.244,0.011,0.133
A,0.188,0.017,0.031,0.213,T,A,0.15,0.007,0.137,0.344
G,0.151,0.315,0.175,0.063,C,G,0.037,0.206,0.046,0.061
C,0.282,0.148,0.135,0.151,A,T,0.109,0.036,0.278,0.157
T,0.087,0.079,0.284,0.031,G,G,0.031,0.291,0.097,0.196
A,0.177,0.15,0.164,0.305,T,C,0.295,0.06,0.179,0.058
G,0.005,0.312,0.053,0.15,C,G,0.133,0.293,0.038,0.136
C,0.202,0.123,0.016,0.189,A,A,0.095,0.053,0.162,0.251
A,0.012,0.032,0.099,0.387,T,T,0.065,0.091,0.251,0.123
C,0.364,0.127,0.029,0.043,A,A,0.082,0.114,0.01,0.356
T,0.183,0.093,0.279,0.044,G,T,0.068,0.068,0.232,0.068
T,0.092,0.001,0.333,0.161,G,T,0.0,0.0,0.0,0.0
A,0.144,0.106,0.099,0.366,T,C,0.221,0.187,0.193,0.123
T,0.15,0.194,0.285,0.002,G,G,0.108,0.242,0.076,0.166
C,0.342,0.069,0.146,0.132,A,A,0.11,0.165,0.006,0.397
T,0.075,0.129,0.357,0.037,G,C,0.372,0.007,0.161,0.109
T,0.183,0.15,0.248,0.024,G,G,0.165,0.274,0.085,0.071
T,0.011,0.076,0.242,0.041,G,C,0.351,0.035,0.095,0.022
T,0.167,0.127,0.285,0.146,G,A,0.118,0.099,0.049,0.29
T,0.103,0.166,0.264,0.015,G,C,0.318,0.168,0.12,0.027
C,0.315,0.179,0.133,0.113,A,G,0.085,0.395,0.111,0.102
C,0.251,0.134,0.02,0.19,A,A,0.15,0.014,0.156,0.339
T,0.107,0.143,0.322,0.122,G,G,0.132,0.23,0.081,0.062
A,0.188,0.071,0.055,0.202,T,T,0.175,0.187,0.362,0.134
C,0.039,0.194,0.147,0.122,C,C,0.205,0.15,0.033,0.008
C,0.21,0.083,0.09,0.096,A,G,0.172,0.244,0.129,0.128
T,0.021,0.09,0.285,0.015,G,A,0.003,0.125,0.043,0.216
C,0.266,0.177,0.127,0.175,A,C,0.288,0.088,0.183,0.098
C,0.269,0.027,0.151,0.107,A,C,0.36,0.097,0.011,0.137
C,0.33,0.137,0.018,0.049,A,C,0.286,0.033,0.171,0.064
G,0.067,0.309,0.18,0.079,C,T,0.039,0.063,0.229,0.092
A,0.132,0.189,0.009,0.291,T,T,0.087,0.189,0.216,0.113
T,0.075,0.138,0.222,0.042,G,T,0.139,0.039,0.33,0.027
G,0.104,0.328,0.179,0.113,C,C,0.218,0.058,0.116,0.16
G,0.073,0.34,0.072,0.053,C,T,0.119,0.145,0.212,0.144
G,0.106,0.352,0.088,0.105,C,G,0.079,0.318,0.191,0.103
G,0.11,0.269,0.01,0.175,C,T,0.152,0.153,0.249,0.089
G,0.023,0.21,0.116,0.152,C,G,0.184,0.331,0.006,0.101
T,0.143,0.168,0.395,0.044,G,C,0.373,0.133,0.123,0.153
C,0.196,0.189,0.171,0.009,A,A,0.018,0.079,0.078,0.31
G,0.133,0.382,0.087,0.127,C,T,0.18,0.073,0.25,0.168
C,0.273,0.081,0.158,0.047,A,C,0.252,0.016,0.061,0.078
A,0.144,0.076,0.026,0.254,T,A,0.129,0.047,0.075,0.251
G,0.185,0.241,0.142,0.186,C,C,0.346,0.078,0.07,0.163
G,0.048,0.331,0.114,0.186,C,T,0.049,0.081,0.326,0.163
G,0.08,0.39,0.023,0.179,C,A,0.147,0.048,0.176,0.27
A,0.062,0.053,0.046,0.206,T,G,0.075,0.312,0.148,0.057
T,0.009,0.088,0.267,0.2,G,A,0.055,0.078,0.154,0.28
T,0.13,0.152,0.32,0.107,G,A,0.0,0.0,0.0,0.0
G,0.166,0.221,0.117,0.06,C,C,0.381,0.071,0.144,0.002
G,0.024,0.321,0.093,0.16,C,T,0.149,0.13,0.256,0.054
G,0.103,0.279,0.134,0.127,C,A,0.079,0.056,0.058,0.291
C,0.33,0.037,0.046,0.133,A,C,0.202,0.123,0.106,0.161
A,0.133,0.027,0.171,0.25,T,C,0.227,0.036,0.173,0.061
G,0.063,0.213,0.101,0.004,C,C,0.28,0.026,0.017,0.057
G,0.114,0.355,0.157,0.179,C,A,0.117,0.002,0.048,0.345
A,0.136,0.067,0.127,0.332,T,T,0.112,0.082,0.334,0.129
T,0.199,0.199,0.388,0.083,G,T,0.077,0.073,0.223,0.04
T,0.149,0.024,0.344,0.127,G,G,0.09,0.272,0.107,0.075
A,0.056,0.11,0.035,0.221,T,C,0.382,0.059,0.126,0.157
A,0.07,0.022,0.045,0.185,T,G,0.037,0.271,0.057,0.134
T,0.187,0.145,0.299,0.006,G,C,0.269,0.179,0.158,0.07
T,0.047,0.053,0.365,0.194,G,T,0.079,0.036,0.248,0.158
T,0.143,0.05,0.22,0.018,G,A,0.13,0.036,0.058,0.289
G,0.015,0.3,0.193,0.166,C,G,0.049,0.377,0.141,0.163
C,0.251,0.021,0.016,0.143,A,G,0.156,0.354,0.09,0.113
G,0.042,0.242,0.118,0.032,C,C,0.363,0.053,0.083,0.019
G,0.193,0.371,0.061,0.099,C,A,0.006,0.115,0.091,0.305
A,0.171,0.165,0.086,0.232,T,T,0.142,0.085,0.334,0.196
G,0.049,0.355,0.05,0.07,C,A,0.01,0.056,0.137,0.33
G,0.102,0.236,0.106,0.033,C,C,0.399,0.074,0.081,0.172
C,0.344,0.042,0.2,0.151,A,C,0.272,0.093,0.042,0.112
T,0.0,0.0,0.0,0.0,N,T,0.028,0.171,0.247,0.042
C,0.267,0.011,0.167,0.062,A,G,0.173,0.33,0.082,0.194
C,0.333,0.189,0.033,0.152,A,G,0.033,0.206,0.144,0.056
G,0.178,0.236,0.042,0.094,C,A,0.175,0.187,0.155,0.252
G,0.176,0.332,0.082,0.06,C,C,0.239,0.082,0.11,0.04
C,0.26,0.042,0.171,0.055,A,T,0.108,0.09,0.323,0.079
A,0.04,0.041,0.102,0.207,T,A,0.147,0.136,0.142,0.227
G,0.145,0.372,0.176,0.172,C,G,0.092,0.312,0.118,0.144
T,0.031,0.078,0.255,0.178,G,C,0.311,0.033,0.088,0.177
A,0.142,0.052,0.199,0.296,T,C,0.328,0.122,0.105,0.015
G,0.103,0.215,0.15,0.015,C,T,0.086,0.031,0.272,0.185
G,0.138,0.311,0.045,0.027,C,A,0.138,0.146,0.04,0.257
G,0.099,0.228,0.061,0.012,C,A,0.063,0.158,0.088,0.006
G,0.136,0.39,0.137,0.12,C,C,0.273,0.163,0.002,0.003
C,0.296,0.121,0.004,0.12,A,T,0.168,0.058,0.392,0.103
C,0.301,0.074,0.085,0.057,A,C,0.086,0.195,0.018,0.124
G,0.08,0.219,0.017,0.163,C,T,0.101,0.027,0.275,0.168
G,0.189,0.362,0.087,0.123,C,A,0.142,0.0,0.092,0.251
G,0.1,0.337,0.18,0.125,C,C,0.297,0.06,0.068,0.149
T,0.113,0.018,0.279,0.119,G,G,0.055,0.324,0.102,0.17
T,0.089,0.157,0.386,0.009,G,T,0.076,0.017,0.27,0.071
T,0.178,0.187,0.294,0.084,G,G,0.137,0.263,0.086,0.045
G,0.106,0.286,0.046,0.091,C,A,0.003,0.097,0.197,0.394
C,0.261,0.055,0.164,0.172,A,A,0.006,0.051,0.154,0.357
G,0.068,0.375,0.169,0.138,C,T,0.046,0.144,0.274,0.196
G,0.106,0.296,0.067,0.009,C,C,0.37,0.18,0.135,0.032
G,0.132,0.36,0.037,0.123,C,G,0.069,0.236,0.045,0.126
A,0.047,0.123,0.19,0.318,T,C,0.121,0.06,0.045,0.139
G,0.086,0.217,0.098,0.177,C,C,0.294,0.075,0.096,0.124
T,0.115,0.126,0.231,0.126,G,T,0.02,0.149,0.218,0.136
A,0.134,0.194,0.158,0.224,T,T,0.133,0.164,0.375,0.183
A,0.113,0.046,0.006,0.252,T,A,0.143,0.047,0.025,0.236
G,0.186,0.352,0.113,0.015,C,A,0.123,0.086,0.161,0.24
G,0.195,0.238,0.004,0.015,C,A,0.175,0.066,0.096,0.222
C,0.317,0.043,0.067,0.019,A,A,0.02,0.025,0.191,0.272
C,0.232,0.182,0.153,0.078,A,A,0.18,0.144,0.128,0.212
G,0.131,0.238,0.167,0.073,C,T,0.115,0.035,0.384,0.147
T,0.15,0.032,0.264,0.054,G,A,0.088,0.189,0.053,0.308
T,0.152,0.121,0.348,0.179,G,C,0.333,0.037,0.052,0.189
T,0.108,0.122,0.276,0.018,G,C,0.26,0.061,0.036,0.168
G,0.185,0.226,0.169,0.041,C,C,0.126,0.14,0.06,0.144
G,0.078,0.218,0.099,0.041,C,A,0.051,0.052,0.02,0.364
G,0.1,0.32,0.075,0.039,C,C,0.239,0.065,0.085,0.132
A,0.093,0.184,0.166,0.374,T,A,0.162,0.012,0.185,0.297
G,0.189,0.005,0.111,0.161,A,C,0.282,0.076,0.002,0.112
T,0.07,0.179,0.276,0.179,G,C,0.261,0.143,0.053,0.094
A,0.199,0.061,0.037,0.265,T,G,0.054,0.275,0.026,0.121
G,0.185,0.372,0.141,0.03,C,G,0.053,0.265,0.005,0.164
T,0.126,0.194,0.255,0.083,G,T,0.062,0.013,0.263,0.175
G,0.084,0.303,0.175,0.046,C,G,0.018,0.372,0.18,0.012
T,0.057,0.13,0.007,0.128,C,T,0.094,0.168,0.375,0.059
C,0.24,0.059,0.196,0.103,A,T,0.109,0.002,0.265,0.056
G,0.112,0.343,0.078,0.101,C,T,0.084,0.049,0.316,0.127
A,0.083,0.016,0.068,0.304,T,G,0.04,0.345,0.124,0.104
G,0.144,0.051,0.198,0.061,G,G,0.093,0.273,0.003,0.153
A,0.0,0.0,0.0,0.0,N,T,0.053,0.148,0.356,0.183
G,0.037,0.312,0.113,0.067,C,G,0.194,0.231,0.148,0.013
G,0.007,0.346,0.189,0.125,C,C,0.33,0.144,0.194,0.094
T,0.112,0.019,0.367,0.024,G,G,0.015,0.389,0.106,0.027
T,0.087,0.164,0.042,0.157,C,T,0.14,0.155,0.269,0.027
G,0.139,0.267,0.107,0.196,C,A,0.05,0.085,0.142,0.394
G,0.185,0.354,0.012,0.001,C,C,0.311,0.097,0.05,0.056
C,0.213,0.015,0.03,0.042,A,G,0.151,0.398,0.15,0.042
C,0.093,0.162,0.074,0.054,C,C,0.342,0.053,0.089,0.104
A,0.104,0.108,0.025,0.325,T,A,0.028,0.062,0.008,0.289
C,0.1,0.18,0.096,0.087,C,G,0.012,0.307,0.139,0.075
G,0.091,0.392,0.045,0.099,C,A,0.138,0.176,0.106,0.325
A,0.136,0.049,0.002,0.311,T,T,0.047,0.104,0.37,0.19
C,0.334,0.171,0.112,0.045,A,G,0.11,0.395,0.099,0.18
T,0.069,0.14,0.271,0.038,G,A,0.168,0.058,0.173,0.249
C,0.277,0.126,0.14,0.027,A,A,0.175,0.2,0.179,0.283
C,0.25,0.111,0.005,0.042,A,G,0.04,0.34,0.067,0.135
G,0.159,0.261,0.096,0.046,C,T,0.068,0.058,0.36,0.082
G,0.16,0.384,0.171,0.045,C,C,0.351,0.056,0.003,0.065
C,0.208,0.015,0.138,0.167,A,G,0.03,0.319,0.197,0.074
A,0.099,0.006,0.031,0.309,T,G,0.182,0.274,0.114,0.023
G,0.003,0.216,0.064,0.096,C,A,0.083,0.029,0.035,0.311
C,0.325,0.147,0.192,0.087,A,T,0.088,0.182,0.211,0.018
G,0.129,0.301,0.061,0.097,C,C,0.392,0.149,0.171,0.12
T,0.063,0.061,0.335,0.178,G,G,0.031,0.245,0.141,0.182
A,0.162,0.057,0.098,0.339,T,A,0.01,0.02,0.132,0.225
C,0.26,0.158,0.118,0.137,A,A,0.039,0.071,0.115,0.328
G,0.07,0.307,0.037,0.014,C,G,0.049,0.272,0.143,0.021
C,0.297,0.142,0.034,0.176,A,T,0.143,0.136,0.3,0.096
T,0.031,0.001,0.371,0.142,G,C,0.277,0.019,0.024,0.048
A,0.014,0.147,0.142,0.295,T,G,0.035,0.248,0.035,0.039
C,0.009,0.083,0.176,0.076,G,T,0.077,0.173,0.378,0.159
G,0.155,0.395,0.154,0.145,C,A,0.137,0.092,0.14,0.314
G,0.045,0.319,0.006,0.103,C,T,0.15,0.139,0.378,0.166
T,0.059,0.114,0.371,0.065,G,A,0.106,0.01,0.062,0.386
T,0.149,0.167,0.273,0.054,G,C,0.361,0.148,0.087,0.027
G,0.008,0.261,0.084,0.12,C,A,0.007,0.147,0.072,0.256
G,0.177,0.296,0.152,0.011,C,T,0.002,0.158,0.293,0.085
C,0.251,0.091,0.152,0.056,A,T,0.144,0.135,0.333,0.187
G,0.124,0.287,0.031,0.081,C,T,0.076,0.188,0.313,0.187
T,0.176,0.195,0.293,0.097,G,T,0.184,0.141,0.305,0.152
A,0.005,0.183,0.071,0.274,T,C,0.0,0.013,0.074,0.074
A,0.127,0.19,0.09,0.389,T,T,0.115,0.129,0.22,0.018
C,0.284,0.113,0.091,0.103,A,T,0.024,0.071,0.397,0.052
T,0.125,0.165,0.367,0.173,G,C,0.34,0.136,0.043,0.043
T,0.074,0.129,0.226,0.168,G,G,0.087,0.217,0.112,0.185
G,0.03,0.306,0.055,0.078,C,T,0.107,0.183,0.343,0.013
G,0.129,0.205,0.174,0.008,C,T,0.031,0.122,0.323,0.107
T,0.014,0.152,0.366,0.09,G,G,0.146,0.395,0.109,0.183
T,0.035,0.172,0.239,0.112,G,C,0.155,0.123,0.197,0.193
A,0.09,0.033,0.179,0.387,T,C,0.366,0.048,0.1,0.191
T,0.002,0.106,0.332,0.041,G,C,0.241,0.099,0.024,0.183
G,0.11,0.219,0.133,0.086,C,A,0.02,0.008,0.133,0.303
C,0.28,0.024,0.073,0.042,A,T,0.013,0.05,0.245,0.132
T,0.133,0.12,0.385,0.17,G,G,0.172,0.287,0.198,0.078
C,0.35,0.073,0.154,0.192,A,C,0.29,0.154,0.049,0.133
T,0.092,0.177,0.309,0.106,G,A,0.091,0.101,0.103,0.274
C,0.318,0.056,0.033,0.101,A,G,0.07,0.269,0.08,0.024
T,0.035,0.042,0.337,0.094,G,C,0.238,0.134,0.167,0.093
A,0.087,0.11,0.117,0.269,T,G,0.032,0.306,0.015,0.198
A,0.176,0.143,0.148,0.34,T,A,0.12,0.142,0.164,0.212
C,0.271,0.058,0.157,0.069,A,G,0.045,0.321,0.001,0.025
G,0.167,0.362,0.087,0.04,C,C,0.24,0.125,0.007,0.009
A,0.006,0.069,0.188,0.339,T,C,0.296,0.065,0.054,0.199
A,0.081,0.199,0.168,0.272,T,T,0.064,0.153,0.204,0.125
T,0.011,0.105,0.253,0.092,G,A,0.01,0.091,0.022,0.271
G,0.0,0.0,0.0,0.0,N,C,0.219,0.023,0.068,0.037
G,0.087,0.362,0.143,0.123,C,A,0.197,0.2,0.027,0.397
T,0.102,0.178,0.212,0.024,G,G,0.147,0.25,0.16,0.097
G,0.097,0.282,0.002,0.007,C,T,0.141,0.062,0.218,0.076
G,0.162,0.248,0.165,0.105,C,T,0.022,0.115,0.297,0.052
C,0.272,0.186,0.145,0.193,A,T,0.025,0.128,0.329,0.123
T,0.075,0.066,0.357,0.105,G,G,0.039,0.255,0.143,0.166
A,0.083,0.091,0.172,0.251,T,G,0.17,0.396,0.092,0.188
G,0.062,0.237,0.192,0.093,C,T,0.08,0.016,0.176,0.059
C,0.357,0.149,0.142,0.144,A,C,0.245,0.103,0.022,0.179
G,0.072,0.264,0.161,0.051,C,A,0.075,0.122,0.026,0.342
T,0.2,0.125,0.294,0.126,G,G,0.031,0.228,0.038,0.058
A,0.157,0.167,0.197,0.372,T,T,0.184,0.199,0.266,0.16
G,0.172,0.259,0.086,0.081,C,A,0.037,0.13,0.027,0.217
A,0.097,0.11,0.007,0.332,T,C,0.327,0.042,0.012,0.024
G,0.063,0.293,0.125,0.037,C,A,0.068,0.067,0.14,0.054
T,0.071,0.164,0.297,0.017,G,A,0.152,0.124,0.134,0.252
G,0.013,0.235,0.189,0.035,C,T,0.018,0.06,0.238,0.103
A,0.099,0.046,0.029,0.3,T,T,0.142,0.016,0.265,0.024
A,0.055,0.083,0.055,0.245,T,G,0.171,0.296,0.107,0.156
A,0.141,0.187,0.121,0.309,T,T,0.045,0.096,0.358,0.074
T,0.149,0.022,0.213,0.08,G,C,0.315,0.051,0.064,0.052
A,0.152,0.124,0.055,0.303,T,A,0.045,0.084,0.198,0.268
C,0.274,0.056,0.148,0.173,A,C,0.379,0.102,0.198,0.065
C,0.244,0.157,0.032,0.176,A,C,0.246,0.163,0.112,0.027
A,0.111,0.008,0.072,0.368,T,G,0.025,0.289,0.154,0.134
C,0.235,0.042,0.077,0.17,A,A,0.063,0.017,0.107,0.304
G,0.04,0.385,0.112,0.138,C,T,0.054,0.02,0.26,0.017
T,0.054,0.199,0.283,0.146,G,A,0.017,0.142,0.003,0.371
G,0.059,0.223,0.157,0.15,C,A,0.079,0.128,0.042,0.223
G,0.165,0.381,0.075,0.103,C,C,0.387,0.052,0.149,0.129
A,0.176,0.037,0.009,0.272,T,G,0.152,0.343,0.02,0.038
T,0.164,0.114,0.343,0.051,G,G,0.153,0.382,0.107,0.138
T,0.152,0.035,0.292,0.005,G,A,0.194,0.146,0.188,0.247
A,0.0,0.0,0.0,0.0,N,G,0.007,0.326,0.123,0.199
G,0.034,0.389,0.164,0.174,C,C,0.273,0.131,0.154,0.067
T,0.025,0.184,0.211,0.159,G,A,0.131,0.178,0.055,0.248
C,0.363,0.192,0.021,0.072,A,G,0.077,0.273,0.109,0.008
A,0.141,0.005,0.061,0.334,T,G,0.048,0.305,0.069,0.079
T,0.102,0.048,0.303,0.042,G,C,0.202,0.191,0.089,0.112
G,0.181,0.387,0.071,0.119,C,T,0.006,0.148,0.271,0.088
T,0.113,0.094,0.23,0.038,G,G,0.098,0.315,0.036,0.07
G,0.196,0.334,0.153,0.04,C,T,0.065,0.113,0.246,0.143
A,0.156,0.115,0.073,0.364,T,T,0.051,0.027,0.306,0.164
C,0.259,0.109,0.014,0.054,A,T,0.0,0.139,0.302,0.178
A,0.153,0.186,0.017,0.289,T,G,0.044,0.206,0.148,0.077
C,0.395,0.094,0.066,0.076,A,A,0.141,0.194,0.162,0.246
T,0.175,0.031,0.322,0.008,G,A,0.135,0.027,0.08,0.399
A,0.002,0.061,0.178,0.301,T,C,0.242,0.139,0.173,0.082
G,0.161,0.237,0.133,0.086,C,T,0.098,0.114,0.271,0.112
C,0.131,0.097,0.101,0.151,T,C,0.38,0.071,0.102,0.051
A,0.111,0.189,0.191,0.385,T,G,0.031,0.266,0.15,0.129
A,0.154,0.079,0.06,0.209,T,A,0.056,0.079,0.109,0.351
C,0.261,0.186,0.126,0.188,A,G,0.082,0.338,0.034,0.123
C,0.236,0.086,0.038,0.105,A,C,0.033,0.191,0.125,0.055
A,0.107,0.04,0.102,0.308,T,A,0.002,0.07,0.173,0.351
G,0.178,0.267,0.146,0.121,C,G,0.193,0.265,0.072,0.091
C,0.234,0.142,0.097,0.054,A,T,0.072,0.175,0.265,0.168
G,0.13,0.376,0.171,0.041,C,C,0.2,0.091,0.121,0.035
T,0.111,0.119,0.272,0.054,G,A,0.042,0.056,0.111,0.332
C,0.252,0.172,0.01,0.105,A,A,0.028,0.176,0.092,0.264
C,0.11,0.153,0.043,0.071,C,C,0.377,0.091,0.185,0.175
T,0.14,0.192,0.22,0.175,G,G,0.049,0.207,0.116,0.175
G,0.114,0.366,0.182,0.175,C,C,0.319,0.005,0.049,0.089
T,0.161,0.046,0.315,0.139,G,G,0.165,0.39,0.169,0.164
A,0.179,0.02,0.096,0.224,T,C,0.284,0.05,0.04,0.101
A,0.025,0.048,0.006,0.356,T,A,0.154,0.155,0.118,0.311
C,0.205,0.164,0.131,0.002,A,A,0.19,0.12,0.09,0.283
G,0.026,0.359,0.115,0.029,C,T,0.043,0.092,0.332,0.143
C,0.259,0.034,0.049,0.17,A,A,0.197,0.06,0.197,0.221
T,0.125,0.174,0.363,0.129,G,A,0.061,0.111,0.05,0.331
A,0.16,0.076,0.137,0.342,T,C,0.33,0.109,0.023,0.159
A,0.193,0.165,0.126,0.33,T,C,0.357,0.023,0.037,0.04
A,0.198,0.122,0.188,0.287,T,C,0.314,0.069,0.038,0.13
T,0.023,0.141,0.068,0.079,C,T,0.15,0.187,0.219,0.146
A,0.189,0.008,0.176,0.335,T,C,0.39,0.171,0.018,0.164
A,0.036,0.113,0.021,0.244,T,A,0.028,0.117,0.19,0.388
C,0.221,0.063,0.094,0.01,A,C,0.371,0.151,0.171,0.055
T,0.132,0.176,0.294,0.048,G,A,0.027,0.182,0.198,0.37
G,0.045,0.216,0.012,0.13,C,T,0.007,0.141,0.271,0.001
C,0.304,0.119,0.106,0.016,A,A,0.086,0.171,0.088,0.387
G,0.104,0.285,0.073,0.045,C,G,0.057,0.34,0.084,0.038
G,0.072,0.376,0.027,0.044,C,A,0.192,0.196,0.048,0.291
A,0.096,0.091,0.156,0.248,T,T,0.117,0.184,0.245,0.094
G,0.02,0.323,0.049,0.083,C,T,0.05,0.091,0.227,0.049
T,0.155,0.133,0.294,0.144,G,T,0.165,0.129,0.341,0.176
T,0.067,0.01,0.312,0.133,G,A,0.159,0.163,0.13,0.308
A,0.077,0.098,0.154,0.372,T,A,0.183,0.086,0.179,0.302
A,0.173,0.2,0.127,0.212,T,T,0.061,0.152,0.296,0.009
A,0.088,0.11,0.021,0.251,T,A,0.013,0.095,0.162,0.351
G,0.074,0.241,0.14,0.149,C,C,0.323,0.102,0.127,0.163
C,0.331,0.021,0.129,0.037,A,T,0.127,0.086,0.384,0.054
G,0.075,0.253,0.071,0.004,C,C,0.264,0.079,0.025,0.171
A,0.19,0.019,0.047,0.288,T,T,0.089,0.086,0.376,0.167
T,0.189,0.065,0.359,0.145,G,G,0.025,0.291,0.135,0.084
G,0.073,0.327,0.021,0.101,C,T,0.1,0.013,0.374,0.127
C,0.378,0.156,0.022,0.189,A,G,0.186,0.298,0.172,0.047
A,0.194,0.151,0.048,0.386,T,C,0.272,0.162,0.03,0.004
A,0.181,0.009,0.054,0.304,T,C,0.239,0.047,0.131,0.067
C,0.246,0.046,0.021,0.033,A,A,0.128,0.059,0.026,0.249
T,0.099,0.158,0.167,0.2,T,T,0.0,0.0,0.0,0.0
G,0.103,0.393,0.089,0.176,C,G,0.193,0.277,0.137,0.034
C,0.368,0.008,0.177,0.137,A,T,0.147,0.162,0.372,0.049
T,0.005,0.068,0.214,0.106,G,G,0.064,0.353,0.068,0.087
A,0.078,0.127,0.039,0.292,T,C,0.275,0.163,0.046,0.138
C,0.276,0.057,0.157,0.014,A,C,0.065,0.058,0.169,0.065
G,0.192,0.297,0.009,0.04,C,A,0.099,0.097,0.194,0.253
T,0.173,0.088,0.302,0.182,G,C,0.333,0.008,0.034,0.076
C,0.291,0.033,0.043,0.194,A,G,0.075,0.23,0.083,0.101
G,0.002,0.306,0.109,0.126,C,C,0.278,0.124,0.181,0.023
C,0.303,0.107,0.043,0.082,A,C,0.0,0.0,0.0,0.0
T,0.045,0.03,0.394,0.001,G,A,0.183,0.164,0.061,0.253
G,0.188,0.337,0.118,0.131,C,T,0.108,0.14,0.233,0.166
T,0.138,0.191,0.077,0.016,C,T,0.017,0.036,0.201,0.041
T,0.07,0.147,0.345,0.141,G,T,0.043,0.054,0.38,0.056
T,0.183,0.007,0.31,0.14,G,G,0.181,0.376,0.07,0.172
G,0.08,0.349,0.199,0.092,C,T,0.027,0.111,0.297,0.035
G,0.0,0.0,0.0,0.0,N,T,0.158,0.136,0.392,0.066
A,0.116,0.007,0.177,0.249,T,C,0.3,0.034,0.026,0.121
G,0.085,0.259,0.161,0.077,C,C,0.39,0.046,0.069,0.135
C,0.277,0.067,0.085,0.072,A,A,0.181,0.027,0.037,0.347
A,0.056,0.075,0.144,0.201,T,C,0.292,0.105,0.1,0.199
G,0.038,0.261,0.035,0.082,C,G,0.099,0.143,0.052,0.154
T,0.021,0.18,0.398,0.067,G,A,0.19,0.064,0.142,0.339
C,0.285,0.183,0.176,0.08,A,A,0.149,0.01,0.085,0.345
A,0.117,0.043,0.146,0.388,T,G,0.151,0.367,0.115,0.168
T,0.076,0.126,0.322,0.045,G,T,0.055,0.001,0.295,0.171
C,0.0,0.0,0.0,0.0,N,T,0.178,0.076,0.316,0.089
A,0.188,0.04,0.048,0.339,T,C,0.286,0.111,0.039,0.024
G,0.172,0.297,0.013,0.159,C,C,0.012,0.2,0.173,0.131
G,0.171,0.201,0.084,0.198,C,A,0.0,0.132,0.152,0.222
A,0.141,0.111,0.06,0.213,T,G,0.092,0.205,0.03,0.139
T,0.09,0.097,0.355,0.122,G,T,0.069,0.111,0.339,0.024
T,0.138,0.071,0.31,0.008,G,C,0.376,0.015,0.195,0.185
T,0.134,0.157,0.205,0.066,G,T,0.19,0.182,0.281,0.117
T,0.165,0.165,0.22,0.008,G,A,0.113,0.089,0.119,0.282
C,0.027,0.194,0.132,0.171,C,T,0.139,0.112,0.345,0.171
T,0.0,0.0,0.0,0.0,N,T,0.13,0.037,0.34,0.182
T,0.008,0.024,0.386,0.156,G,C,0.368,0.026,0.075,0.164
A,0.136,0.021,0.19,0.275,T,T,0.088,0.037,0.277,0.03
C,0.297,0.023,0.058,0.111,A,T,0.126,0.009,0.291,0.179
C,0.361,0.085,0.158,0.145,A,C,0.366,0.092,0.194,0.143
T,0.194,0.046,0.357,0.126,G,C,0.384,0.118,0.021,0.01
T,0.194,0.055,0.306,0.179,G,T,0.199,0.138,0.26,0.009
G,0.168,0.325,0.023,0.141,C,G,0.06,0.269,0.064,0.069
G,0.0,0.0,0.0,0.0,N,T,0.071,0.054,0.326,0.113
A,0.081,0.158,0.079,0.304,T,G,0.088,0.21,0.179,0.022
G,0.025,0.142,0.104,0.032,C,A,0.084,0.177,0.142,0.328
G,0.126,0.181,0.183,0.136,G,A,0.112,0.015,0.063,0.265
C,0.287,0.025,0.191,0.16,A,T,0.139,0.032,0.238,0.181
A,0.054,0.01,0.056,0.256,T,A,0.16,0.09,0.161,0.332
T,0.032,0.093,0.263,0.154,G,T,0.14,0.159,0.325,0.087
C,0.051,0.014,0.148,0.092,G,C,0.241,0.07,0.092,0.017
G,0.062,0.329,0.063,0.197,C,A,0.093,0.001,0.091,0.093
A,0.072,0.191,0.059,0.359,T,C,0.255,0.057,0.066,0.081
C,0.331,0.19,0.034,0.052,A,A,0.185,0.19,0.073,0.224
A,0.091,0.138,0.05,0.276,T,A,0.041,0.167,0.192,0.395
C,0.279,0.113,0.101,0.106,A,C,0.139,0.181,0.193,0.042
G,0.184,0.215,0.006,0.123,C,T,0.111,0.18,0.212,0.012
A,0.111,0.131,0.087,0.292,T,T,0.105,0.154,0.375,0.068
T,0.074,0.093,0.29,0.0,G,C,0.229,0.069,0.157,0.098
T,0.188,0.056,0.371,0.179,G,C,0.28,0.028,0.048,0.022
A,0.18,0.073,0.113,0.366,T,C,0.274,0.133,0.143,0.126
C,0.073,0.167,0.179,0.03,G,C,0.303,0.098,0.134,0.169
A,0.018,0.003,0.163,0.247,T,G,0.169,0.384,0.021,0.022
A,0.193,0.084,0.006,0.243,T,C,0.25,0.008,0.184,0.15
C,0.257,0.1,0.052,0.028,A,T,0.189,0.015,0.213,0.085
G,0.043,0.31,0.123,0.006,C,G,0.144,0.322,0.062,0.035
A,0.127,0.065,0.081,0.368,T,A,0.012,0.168,0.115,0.306
G,0.086,0.302,0.13,0.103,C,T,0.178,0.097,0.204,0.157
C,0.252,0.078,0.014,0.098,A,G,0.0,0.0,0.0,0.0
G,0.095,0.274,0.039,0.093,C,T,0.005,0.168,0.212,0.014
A,0.092,0.08,0.043,0.29,T,C,0.0,0.0,0.0,0.0
A,0.01,0.043,0.018,0.212,T,A,0.183,0.014,0.194,0.232
T,0.01,0.176,0.255,0.164,G,T,0.028,0.139,0.326,0.174
C,0.341,0.106,0.001,0.093,A,C,0.351,0.126,0.133,0.081
G,0.047,0.352,0.004,0.041,C,C,0.291,0.135,0.089,0.05
C,0.284,0.148,0.066,0.027,A,C,0.374,0.056,0.148,0.183
A,0.127,0.004,0.14,0.299,T,G,0.057,0.38,0.128,0.134
A,0.197,0.122,0.022,0.364,T,C,0.292,0.127,0.097,0.132
T,0.07,0.048,0.268,0.026,G,G,0.053,0.253,0.167,0.03
T,0.037,0.07,0.397,0.049,G,A,0.099,0.164,0.046,0.324
A,0.162,0.046,0.191,0.384,T,G,0.013,0.372,0.093,0.043
G,0.041,0.343,0.186,0.107,C,T,0.051,0.091,0.309,0.013
T,0.059,0.024,0.203,0.141,G,G,0.046,0.261,0.189,0.111
G,0.022,0.361,0.165,0.137,C,G,0.168,0.257,0.191,0.043
G,0.043,0.398,0.073,0.112,C,A,0.007,0.163,0.001,0.299
A,0.186,0.194,0.156,0.286,T,G,0.087,0.368,0.187,0.136
A,0.113,0.154,0.004,0.386,T,G,0.145,0.398,0.15,0.059
C,0.261,0.115,0.087,0.006,A,T,0.085,0.061,0.202,0.183
C,0.322,0.15,0.195,0.157,A,G,0.052,0.225,0.035,0.132
C,0.305,0.033,0.153,0.031,A,G,0.121,0.36,0.182,0.155
A,0.078,0.048,0.031,0.094,T,G,0.113,0.217,0.082,0.0
G,0.017,0.399,0.037,0.172,C,A,0.196,0.197,0.18,0.381
T,0.046,0.13,0.35,0.019,G,C,0.227,0.14,0.138,0.057
A,0.011,0.146,0.174,0.207,T,G,0.132,0.241,0.066,0.015
T,0.162,0.02,0.226,0.113,G,C,0.284,0.123,0.145,0.103
G,0.186,0.202,0.078,0.089,C,C,0.164,0.123,0.015,0.18
C,0.242,0.1,0.188,0.089,A,A,0.128,0.144,0.038,0.279
C,0.208,0.116,0.161,0.149,A,A,0.136,0.025,0.14,0.236
G,0.058,0.209,0.052,0.041,C,A,0.021,0.135,0.102,0.375
T,0.118,0.176,0.372,0.089,G,A,0.072,0.08,0.182,0.396
T,0.08,0.171,0.016,0.133,C,T,0.182,0.124,0.255,0.191
G,0.045,0.283,0.14,0.088,C,G,0.015,0.278,0.101,0.019
T,0.19,0.003,0.399,0.148,G,A,0.186,0.073,0.072,0.318
T,0.182,0.087,0.261,0.162,G,G,0.065,0.33,0.005,0.039
A,0.065,0.134,0.085,0.353,T,T,0.088,0.189,0.364,0.108
T,0.133,0.069,0.302,0.068,G,G,0.057,0.266,0.154,0.023
C,0.209,0.042,0.102,0.026,A,A,0.147,0.139,0.126,0.339
A,0.005,0.166,0.043,0.289,T,T,0.073,0.096,0.255,0.171
G,0.094,0.352,0.194,0.158,C,C,0.359,0.109,0.088,0.075
G,0.165,0.21,0.124,0.171,C,T,0.035,0.045,0.27,0.127
T,0.187,0.146,0.255,0.084,G,A,0.169,0.125,0.051,0.299
A,0.08,0.018,0.113,0.337,T,T,0.142,0.126,0.051,0.122
A,0.148,0.154,0.08,0.239,T,G,0.013,0.202,0.182,0.109
A,0.123,0.127,0.182,0.327,T,A,0.118,0.12,0.035,0.282
C,0.343,0.012,0.01,0.135,A,G,0.163,0.302,0.059,0.013
A,0.084,0.023,0.141,0.208,T,A,0.145,0.106,0.169,0.341
C,0.0,0.0,0.0,0.0,N,T,0.015,0.18,0.381,0.161
T,0.154,0.105,0.254,0.098,G,T,0.04,0.033,0.385,0.004
A,0.103,0.123,0.0,0.208,T,T,0.132,0.185,0.217,0.044
C,0.358,0.041,0.032,0.015,A,G,0.113,0.204,0.132,0.149
T,0.069,0.045,0.32,0.028,G,C,0.254,0.102,0.19,0.132
G,0.16,0.297,0.074,0.037,C,T,0.178,0.096,0.35,0.113
C,0.261,0.124,0.097,0.179,A,A,0.143,0.132,0.01,0.386
A,0.002,0.118,0.103,0.222,T,C,0.363,0.11,0.14,0.007
T,0.181,0.096,0.258,0.174,G,C,0.314,0.067,0.17,0.131
C,0.316,0.161,0.154,0.197,A,A,0.169,0.194,0.156,0.376
A,0.008,0.104,0.131,0.396,T,C,0.362,0.196,0.044,0.132
G,0.183,0.24,0.095,0.115,C,T,0.05,0.11,0.366,0.052
T,0.196,0.058,0.287,0.147,G,G,0.047,0.301,0.009,0.167
G,0.106,0.272,0.07,0.02,C,T,0.107,0.045,0.228,0.098
A,0.053,0.064,0.032,0.363,T,G,0.03,0.253,0.099,0.119
G,0.094,0.394,0.165,0.142,C,C,0.277,0.143,0.078,0.153
A,0.051,0.02,0.144,0.276,T,C,0.301,0.117,0.156,0.185
C,0.246,0.186,0.137,0.114,A,G,0.011,0.381,0.103,0.135
T,0.09,0.141,0.264,0.125,G,T,0.051,0.126,0.278,0.183
A,0.136,0.065,0.125,0.278,T,A,0.049,0.071,0.056,0.342
G,0.035,0.324,0.109,0.079,C,T,0.169,0.048,0.202,0.102
G,0.047,0.228,0.023,0.131,C,G,0.078,0.27,0.098,0.111
A,0.042,0.142,0.103,0.392,T,A,0.181,0.11,0.012,0.271
A,0.177,0.16,0.165,0.274,T,G,0.023,0.317,0.084,0.115
G,0.081,0.302,0.162,0.059,C,T,0.131,0.078,0.255,0.087
G,0.174,0.315,0.077,0.008,C,G,0.017,0.341,0.009,0.096
T,0.05,0.139,0.26,0.086,G,C,0.305,0.187,0.106,0.058
A,0.08,0.054,0.065,0.208,T,C,0.23,0.198,0.157,0.11
T,0.004,0.159,0.367,0.068,G,C,0.321,0.18,0.08,0.159
C,0.36,0.079,0.144,0.042,A,C,0.358,0.027,0.036,0.03
C,0.349,0.04,0.026,0.039,A,C,0.376,0.08,0.197,0.059
G,0.136,0.201,0.069,0.079,C,A,0.111,0.038,0.199,0.363
G,0.194,0.315,0.199,0.051,C,A,0.127,0.05,0.068,0.364
A,0.147,0.188,0.152,0.28,T,A,0.097,0.109,0.064,0.352
G,0.143,0.242,0.128,0.092,C,C,0.293,0.012,0.028,0.078
C,0.4,0.189,0.028,0.162,A,G,0.031,0.26,0.16,0.122
T,0.035,0.118,0.293,0.172,G,G,0.151,0.337,0.143,0.182
A,0.195,0.026,0.005,0.266,T,C,0.366,0.179,0.128,0.178
A,0.084,0.19,0.032,0.201,T,T,0.143,0.058,0.375,0.003
C,0.203,0.136,0.198,0.117,A,G,0.055,0.225,0.155,0.046
C,0.32,0.158,0.047,0.184,A,C,0.347,0.145,0.001,0.096
G,0.102,0.392,0.102,0.119,C,A,0.077,0.162,0.132,0.288
G,0.09,0.322,0.023,0.021,C,G,0.122,0.358,0.102,0.163
T,0.042,0.061,0.233,0.057,G,G,0.0,0.0,0.0,0.0
A,0.191,0.08,0.106,0.398,T,G,0.068,0.311,0.087,0.163
A,0.174,0.187,0.124,0.294,T,C,0.258,0.084,0.071,0.158
C,0.272,0.14,0.141,0.015,A,T,0.152,0.2,0.298,0.05
T,0.025,0.058,0.254,0.131,G,A,0.187,0.128,0.141,0.281
C,0.0,0.0,0.0,0.0,N,T,0.167,0.1,0.33,0.102
A,0.077,0.103,0.016,0.341,T,A,0.069,0.075,0.159,0.202
G,0.165,0.307,0.165,0.056,C,T,0.136,0.071,0.257,0.122
A,0.199,0.124,0.137,0.225,T,G,0.046,0.375,0.177,0.175
A,0.176,0.181,0.139,0.208,T,T,0.015,0.16,0.203,0.1
A,0.158,0.1,0.01,0.278,T,G,0.061,0.328,0.093,0.079
G,0.049,0.253,0.064,0.005,C,T,0.086,0.16,0.262,0.125
A,0.171,0.157,0.016,0.049,A,T,0.129,0.199,0.306,0.128
T,0.113,0.073,0.235,0.084,G,C,0.397,0.114,0.051,0.139
G,0.074,0.048,0.058,0.15,T,G,0.142,0.301,0.032,0.115
G,0.128,0.323,0.114,0.198,C,T,0.03,0.061,0.245,0.049
G,0.099,0.351,0.199,0.198,C,A,0.04,0.168,0.19,0.367
A,0.139,0.162,0.116,0.344,T,G,0.007,0.319,0.045,0.15
G,0.108,0.311,0.182,0.032,C,T,0.174,0.118,0.095,0.173
G,0.008,0.35,0.198,0.022,C,T,0.063,0.199,0.351,0.171
A,0.133,0.195,0.184,0.283,T,G,0.025,0.263,0.117,0.099
A,0.022,0.148,0.116,0.265,T,T,0.152,0.04,0.328,0.162
T,0.145,0.14,0.296,0.04,G,G,0.169,0.369,0.165,0.137
G,0.056,0.219,0.194,0.09,C,T,0.011,0.155,0.331,0.058
T,0.169,0.066,0.386,0.14,G,G,0.133,0.291,0.084,0.111
A,0.058,0.084,0.07,0.263,T,G,0.137,0.376,0.1,0.039
T,0.02,0.072,0.223,0.135,G,G,0.056,0.259,0.092,0.014
C,0.263,0.043,0.077,0.089,A,G,0.172,0.233,0.104,0.046
C,0.294,0.162,0.045,0.092,A,A,0.034,0.131,0.077,0.376
C,0.365,0.129,0.171,0.188,A,C,0.374,0.07,0.119,0.186
T,0.0,0.0,0.0,0.0,N,A,0.023,0.183,0.032,0.305
T,0.088,0.05,0.224,0.11,G,C,0.361,0.061,0.128,0.054
T,0.026,0.03,0.325,0.094,G,T,0.196,0.091,0.351,0.035
T,0.199,0.14,0.398,0.16,G,A,0.018,0.175,0.041,0.38
C,0.309,0.008,0.063,0.024,A,A,0.095,0.089,0.054,0.244
A,0.177,0.152,0.05,0.23,T,G,0.108,0.319,0.143,0.013
G,0.166,0.338,0.057,0.174,C,G,0.176,0.324,0.045,0.154
A,0.2,0.032,0.055,0.386,T,T,0.024,0.012,0.358,0.031
A,0.109,0.091,0.11,0.322,T,C,0.319,0.117,0.112,0.065
G,0.023,0.282,0.024,0.167,C,G,0.199,0.359,0.173,0.13
A,0.054,0.192,0.057,0.327,T,C,0.321,0.19,0.125,0.002
T,0.029,0.194,0.322,0.15,G,T,0.038,0.082,0.202,0.089
G,0.055,0.281,0.007,0.171,C,T,0.194,0.199,0.305,0.021
T,0.076,0.188,0.274,0.146,G,C,0.322,0.194,0.116,0.158
A,0.153,0.165,0.102,0.27,T,G,0.073,0.2,0.173,0.01
A,0.129,0.128,0.117,0.113,A,G,0.146,0.271,0.082,0.168
C,0.331,0.062,0.041,0.0,A,G,0.191,0.215,0.099,0.014
A,0.003,0.179,0.027,0.27,T,C,0.238,0.181,0.139,0.103
T,0.147,0.108,0.311,0.178,G,G,0.02,0.395,0.17,0.093
A,0.004,0.117,0.051,0.278,T,G,0.187,0.251,0.133,0.087
A,0.109,0.058,0.062,0.304,T,C,0.226,0.141,0.157,0.092
A,0.054,0.07,0.188,0.324,T,T,0.083,0.13,0.373,0.048
G,0.144,0.38,0.129,0.037,C,C,0.239,0.045,0.1,0.057
G,0.025,0.343,0.001,0.006,C,A,0.006,0.134,0.016,0.208
T,0.004,0.051,0.346,0.15,G,A,0.151,0.141,0.149,0.247
G,0.02,0.354,0.186,0.154,C,A,0.034,0.185,0.137,0.269
A,0.02,0.057,0.019,0.237,T,T,0.128,0.001,0.353,0.173
T,0.022,0.083,0.248,0.164,G,A,0.006,0.179,0.042,0.294
T,0.062,0.034,0.293,0.045,G,C,0.303,0.196,0.091,0.04
C,0.333,0.052,0.103,0.042,A,C,0.398,0.14,0.199,0.069
C,0.369,0.124,0.097,0.141,A,C,0.314,0.18,0.102,0.001
T,0.032,0.178,0.319,0.082,G,G,0.128,0.214,0.159,0.004
A,0.041,0.045,0.092,0.343,T,T,0.046,0.136,0.368,0.133
G,0.035,0.363,0.18,0.142,C,T,0.042,0.085,0.323,0.114
G,0.026,0.281,0.072,0.047,C,A,0.09,0.061,0.188,0.31
T,0.11,0.174,0.36,0.108,G,A,0.035,0.005,0.023,0.253
A,0.123,0.156,0.077,0.339,T,G,0.053,0.227,0.197,0.147
G,0.093,0.331,0.194,0.082,C,T,0.152,0.041,0.254,0.144
A,0.136,0.131,0.122,0.288,T,A,0.131,0.068,0.083,0.235
T,0.071,0.027,0.219,0.064,G,C,0.142,0.122,0.064,0.076
G,0.167,0.357,0.01,0.086,C,A,0.128,0.068,0.115,0.264
G,0.196,0.182,0.113,0.021,A,T,0.015,0.021,0.366,0.052
A,0.133,0.169,0.095,0.277,T,T,0.198,0.179,0.224,0.072
G,0.189,0.284,0.074,0.185,C,T,0.013,0.033,0.338,0.036
C,0.332,0.085,0.144,0.087,A,T,0.001,0.107,0.269,0.2
C,0.395,0.147,0.154,0.063,A,A,0.127,0.16,0.045,0.259
C,0.254,0.071,0.182,0.137,A,A,0.136,0.191,0.05,0.299
A,0.021,0.158,0.002,0.249,T,G,0.161,0.311,0.133,0.045
C,0.203,0.134,0.162,0.18,A,T,0.034,0.112,0.267,0.006
G,0.076,0.201,0.044,0.087,C,G,0.077,0.215,0.155,0.011
T,0.101,0.0,0.214,0.121,G,C,0.371,0.055,0.032,0.148
A,0.163,0.158,0.172,0.373,T,C,0.268,0.081,0.014,0.04
A,0.156,0.133,0.006,0.196,T,A,0.059,0.043,0.023,0.324
C,0.201,0.081,0.048,0.189,A,C,0.279,0.055,0.101,0.072
G,0.0,0.0,0.0,0.0,N,G,0.079,0.239,0.05,0.104
C,0.398,0.186,0.175,0.025,A,C,0.212,0.128,0.024,0.03
A,0.086,0.089,0.186,0.35,T,G,0.035,0.33,0.021,0.165
G,0.168,0.297,0.157,0.079,C,A,0.09,0.135,0.178,0.235
A,0.144,0.191,0.024,0.358,T,A,0.109,0.04,0.192,0.231
